strain	date	clade_membership	country	region	author	accession	location	database
KF687339	2010-09-28	C	South Africa	Africa	Lorenzi et al.	KF687339		
KF687358	2011-05-23	C	Switzerland	Europe	Lorenzi et al.	KF687358		
MF973187	2011-01-01	C	USA	North America	Greninger et al.	MF973187		
MF973188	2011-01-01	C	USA	North America	Greninger et al.	MF973188		
KF530242	2008-12-31	C	USA	North America	Lorenzi et al.	KF530242		
KF687357	2011-01-06	C	USA	North America	Lorenzi et al.	KF687357		
KY973581	2010-11-08	C	USA	North America	Greninger et al.	KY973581		
OR416987	2010-12-31	C	USA	North America	Greninger et al.	OR416987		
KF687356	2011-02-11	C	France	Europe	Lorenzi et al.	KF687356		
MH678674	2011-06-12	C	United Kingdom	Europe	Smielewska et al.	MH678674		
MH678687	2011-06-01	C	United Kingdom	Europe	Smielewska et al.	MH678687		
KY973575	2010-12-31	C	USA	North America	Greninger et al.	KY973575		
KX574704	2016-01-01	C	USA	North America	Greninger et al.	KX574704		
MF795096	2017-01-01	C	USA	North America	Greninger et al.	MF795096		
m2-SccDgj	2024-07-03	C	Switzerland	Europe		m2-SccDgj	AG	ReVSeq
PV052973	2023-06-01	C	USA	North America	Greenleaf et al.	PV052973		
m2-KtHTz8	2024-01-29	C	Switzerland	Europe		m2-KtHTz8	BL	ReVSeq
m2-ujTsiu	2024-04-25	C	Switzerland	Europe		m2-ujTsiu	AG	ReVSeq
m2-RgZWrD	2024-04-03	C	Switzerland	Europe		m2-RgZWrD	ZH	ReVSeq
m2-BdNxPR	2023-10-30	C	Switzerland	Europe		m2-BdNxPR	BS	ReVSeq
m2-4PF58Q	2023-10-30	C	Switzerland	Europe		m2-4PF58Q	BS	ReVSeq
KY369872	2016-02-17	C	USA	North America	Greninger et al.	KY369872		
MF034891	2016-06-04	C	USA	North America	Kothari et al.	MF034891	Arkansas	
MF034892	2016-06-21	C	USA	North America	Kothari et al.	MF034892	Arkansas	
MF034893	2016-06-24	C	USA	North America	Kothari et al.	MF034893	Arkansas	
KY369876	2016-02-18	C	USA	North America	Greninger et al.	KY369876		
KY779613	2015-11-18	C	USA	North America	Greninger et al.	KY779613		
KY933413	2015-12-31	C	USA	North America	Greninger et al.	KY933413		
KY779599	2015-12-17	C	USA	North America	Greninger et al.	KY779599		
KY779600	2015-12-17	C	USA	North America	Greninger et al.	KY779600		
KY779606	2015-12-06	C	USA	North America	Greninger et al.	KY779606		
KY933415	2015-12-11	C	USA	North America	Greninger et al.	KY933415		
KY933411	2015-12-16	C	USA	North America	Greninger et al.	KY933411		
KY933414	2015-12-22	C	USA	North America	Greninger et al.	KY933414		
KY973560	2015-12-31	C	USA	North America	Greninger et al.	KY973560		
KX574707	2016-09-11	C	USA	North America	Greninger et al.	KX574707		
KY973569	2017-01-01	C	USA	North America	Greninger et al.	KY973569		
MN306052	2019-01-01	C	USA	North America	Lin et al.	MN306052		
MF795094	2016-12-31	C	USA	North America	Greninger et al.	MF795094		
MN306022	2019-01-01	C	USA	North America	Lin et al.	MN306022		
KY369866	2016-12-31	C	USA	North America	Greninger et al.	KY369866		
ON729325	2018-01-01	C	USA	North America	Sereewit et al.	ON729325		
LC720871	2018-01-01	C	Japan	Asia	Shirato et al.	LC720871		
m2-sJs93G	2024-01-11	C	Switzerland	Europe		m2-sJs93G	SG	ReVSeq
m2-KaJ5Pe	2024-04-24	C	Switzerland	Europe		m2-KaJ5Pe	AG	ReVSeq
m2-LMD6ho	2024-04-03	C	Switzerland	Europe		m2-LMD6ho	SG	ReVSeq
m2-WydUVb	2024-03-08	C	Switzerland	Europe		m2-WydUVb	SG	ReVSeq
m2-h54gk9	2024-06-18	C	Switzerland	Europe		m2-h54gk9	BS	ReVSeq
m2-3H2Wig	2023-05-08	C	Switzerland	Europe		m2-3H2Wig	BS	ReVSeq
m2-9jS4Ro	2023-05-09	C	Switzerland	Europe		m2-9jS4Ro	BS	ReVSeq
LC817396	2023-05-18	C	Japan	Asia	Shirato et al.	LC817396		
LC817399	2023-05-04	C	Japan	Asia	Shirato et al.	LC817399		
LC817395	2023-04-13	C	Japan	Asia	Shirato et al.	LC817395		
LC817398	2023-05-13	C	Japan	Asia	Shirato et al.	LC817398		
LC817397	2023-04-28	C	Japan	Asia	Shirato et al.	LC817397		